source_file,source_sheet,source_row,source_column,value,formula,value_type
/home/htaf/lyis/tcas/WiartonWomensInstitute/Food_forest_plan.ods,2024-07-purchase,1,A1,Plant,,string
/home/htaf/lyis/tcas/WiartonWomensInstitute/Food_forest_plan.ods,2024-07-purchase,1,B1,Price,,string
/home/htaf/lyis/tcas/WiartonWomensInstitute/Food_forest_plan.ods,2024-07-purchase,1,C1,Quantity,,string
/home/htaf/lyis/tcas/WiartonWomensInstitute/Food_forest_plan.ods,2024-07-purchase,1,D1,Total,,string
/home/htaf/lyis/tcas/WiartonWomensInstitute/Food_forest_plan.ods,2024-07-purchase,2,A2,1yr Hazel,,string
/home/htaf/lyis/tcas/WiartonWomensInstitute/Food_forest_plan.ods,2024-07-purchase,2,B2,17.5,,float
/home/htaf/lyis/tcas/WiartonWomensInstitute/Food_forest_plan.ods,2024-07-purchase,2,C2,0,,float
/home/htaf/lyis/tcas/WiartonWomensInstitute/Food_forest_plan.ods,2024-07-purchase,2,D2,0,of:=[.C2]*[.B2],float
/home/htaf/lyis/tcas/WiartonWomensInstitute/Food_forest_plan.ods,2024-07-purchase,3,A3,2yr Hazel,,string
/home/htaf/lyis/tcas/WiartonWomensInstitute/Food_forest_plan.ods,2024-07-purchase,3,B3,35,,float
/home/htaf/lyis/tcas/WiartonWomensInstitute/Food_forest_plan.ods,2024-07-purchase,3,C3,0,,float
/home/htaf/lyis/tcas/WiartonWomensInstitute/Food_forest_plan.ods,2024-07-purchase,3,D3,0,of:=[.C3]*[.B3],float
/home/htaf/lyis/tcas/WiartonWomensInstitute/Food_forest_plan.ods,2024-07-purchase,4,A4,2yr Goji,,string
/home/htaf/lyis/tcas/WiartonWomensInstitute/Food_forest_plan.ods,2024-07-purchase,4,B4,30,,float
/home/htaf/lyis/tcas/WiartonWomensInstitute/Food_forest_plan.ods,2024-07-purchase,4,C4,2,,float
/home/htaf/lyis/tcas/WiartonWomensInstitute/Food_forest_plan.ods,2024-07-purchase,4,D4,60,of:=[.C4]*[.B4],float
/home/htaf/lyis/tcas/WiartonWomensInstitute/Food_forest_plan.ods,2024-07-purchase,5,A5,1yr Heartnut,,string
/home/htaf/lyis/tcas/WiartonWomensInstitute/Food_forest_plan.ods,2024-07-purchase,5,B5,20,,float
/home/htaf/lyis/tcas/WiartonWomensInstitute/Food_forest_plan.ods,2024-07-purchase,5,C5,0,,float
/home/htaf/lyis/tcas/WiartonWomensInstitute/Food_forest_plan.ods,2024-07-purchase,5,D5,0,of:=[.C5]*[.B5],float
/home/htaf/lyis/tcas/WiartonWomensInstitute/Food_forest_plan.ods,2024-07-purchase,6,A6,2yr Heartnut,,string
/home/htaf/lyis/tcas/WiartonWomensInstitute/Food_forest_plan.ods,2024-07-purchase,6,B6,40,,float
/home/htaf/lyis/tcas/WiartonWomensInstitute/Food_forest_plan.ods,2024-07-purchase,6,C6,2,,float
/home/htaf/lyis/tcas/WiartonWomensInstitute/Food_forest_plan.ods,2024-07-purchase,6,D6,80,of:=[.C6]*[.B6],float
/home/htaf/lyis/tcas/WiartonWomensInstitute/Food_forest_plan.ods,2024-07-purchase,7,A7,1yr Locust,,string
/home/htaf/lyis/tcas/WiartonWomensInstitute/Food_forest_plan.ods,2024-07-purchase,7,B7,10,,float
/home/htaf/lyis/tcas/WiartonWomensInstitute/Food_forest_plan.ods,2024-07-purchase,7,C7,0,,float
/home/htaf/lyis/tcas/WiartonWomensInstitute/Food_forest_plan.ods,2024-07-purchase,7,D7,0,of:=[.C7]*[.B7],float
/home/htaf/lyis/tcas/WiartonWomensInstitute/Food_forest_plan.ods,2024-07-purchase,8,A8,1yr Pecan,,string
/home/htaf/lyis/tcas/WiartonWomensInstitute/Food_forest_plan.ods,2024-07-purchase,8,B8,15,,float
/home/htaf/lyis/tcas/WiartonWomensInstitute/Food_forest_plan.ods,2024-07-purchase,8,C8,0,,float
/home/htaf/lyis/tcas/WiartonWomensInstitute/Food_forest_plan.ods,2024-07-purchase,8,D8,0,of:=[.C8]*[.B8],float
/home/htaf/lyis/tcas/WiartonWomensInstitute/Food_forest_plan.ods,2024-07-purchase,9,A9,2yr Pecan,,string
/home/htaf/lyis/tcas/WiartonWomensInstitute/Food_forest_plan.ods,2024-07-purchase,9,B9,30,,float
/home/htaf/lyis/tcas/WiartonWomensInstitute/Food_forest_plan.ods,2024-07-purchase,9,C9,2,,float
/home/htaf/lyis/tcas/WiartonWomensInstitute/Food_forest_plan.ods,2024-07-purchase,9,D9,60,of:=[.C9]*[.B9],float
/home/htaf/lyis/tcas/WiartonWomensInstitute/Food_forest_plan.ods,2024-07-purchase,10,A10,2yr Willow,,string
/home/htaf/lyis/tcas/WiartonWomensInstitute/Food_forest_plan.ods,2024-07-purchase,10,B10,20,,float
/home/htaf/lyis/tcas/WiartonWomensInstitute/Food_forest_plan.ods,2024-07-purchase,10,C10,0,,float
/home/htaf/lyis/tcas/WiartonWomensInstitute/Food_forest_plan.ods,2024-07-purchase,10,D10,0,of:=[.C10]*[.B10],float
/home/htaf/lyis/tcas/WiartonWomensInstitute/Food_forest_plan.ods,2024-07-purchase,16,A16,Sub Total,,string
/home/htaf/lyis/tcas/WiartonWomensInstitute/Food_forest_plan.ods,2024-07-purchase,16,D16,200,of:=SUM([.D2:.D15]),float
/home/htaf/lyis/tcas/WiartonWomensInstitute/Food_forest_plan.ods,2024-07-purchase,17,A17,Bulk Discount,,string
/home/htaf/lyis/tcas/WiartonWomensInstitute/Food_forest_plan.ods,2024-07-purchase,17,D17,20,of:=[.D16]*0.1,float
/home/htaf/lyis/tcas/WiartonWomensInstitute/Food_forest_plan.ods,2024-07-purchase,18,A18,Grand Total,,string
/home/htaf/lyis/tcas/WiartonWomensInstitute/Food_forest_plan.ods,2024-07-purchase,18,D18,180,of:=[.D16]-[.D17],float
/home/htaf/lyis/tcas/WiartonWomensInstitute/Food_forest_plan.ods,2024-07 existing,1,A1,Plant,,string
/home/htaf/lyis/tcas/WiartonWomensInstitute/Food_forest_plan.ods,2024-07 existing,1,B1,Quantity,,string
/home/htaf/lyis/tcas/WiartonWomensInstitute/Food_forest_plan.ods,2024-07 existing,2,A2,Hazelnut,,string
/home/htaf/lyis/tcas/WiartonWomensInstitute/Food_forest_plan.ods,2024-07 existing,2,B2,1,,float
/home/htaf/lyis/tcas/WiartonWomensInstitute/Food_forest_plan.ods,2024-07 existing,3,A3,Serviceberry,,string
/home/htaf/lyis/tcas/WiartonWomensInstitute/Food_forest_plan.ods,2024-07 existing,3,B3,2,,float
/home/htaf/lyis/tcas/WiartonWomensInstitute/Food_forest_plan.ods,2024-07 existing,4,A4,Grape,,string
/home/htaf/lyis/tcas/WiartonWomensInstitute/Food_forest_plan.ods,2024-07 existing,4,B4,1,,float
/home/htaf/lyis/tcas/WiartonWomensInstitute/Food_forest_plan.ods,2024-07 existing,5,A5,Currants,,string
/home/htaf/lyis/tcas/WiartonWomensInstitute/Food_forest_plan.ods,2024-07 existing,5,B5,3,,float
/home/htaf/lyis/tcas/WiartonWomensInstitute/Food_forest_plan.ods,Plant Colors,1,A1,Plant Name,,string
/home/htaf/lyis/tcas/WiartonWomensInstitute/Food_forest_plan.ods,Plant Colors,1,B1,Common Name,,string
/home/htaf/lyis/tcas/WiartonWomensInstitute/Food_forest_plan.ods,Plant Colors,1,C1,Height (m),,string
/home/htaf/lyis/tcas/WiartonWomensInstitute/Food_forest_plan.ods,Plant Colors,1,D1,Diameter (m),,string
/home/htaf/lyis/tcas/WiartonWomensInstitute/Food_forest_plan.ods,Plant Colors,1,E1,Color Code,,string
/home/htaf/lyis/tcas/WiartonWomensInstitute/Food_forest_plan.ods,Plant Colors,1,F1,Color Name,,string
/home/htaf/lyis/tcas/WiartonWomensInstitute/Food_forest_plan.ods,Plant Colors,1,G1,3xscale mm,,string
/home/htaf/lyis/tcas/WiartonWomensInstitute/Food_forest_plan.ods,Plant Colors,2,A2,Corylus americana,,string
/home/htaf/lyis/tcas/WiartonWomensInstitute/Food_forest_plan.ods,Plant Colors,2,B2,American Hazel,,string
/home/htaf/lyis/tcas/WiartonWomensInstitute/Food_forest_plan.ods,Plant Colors,2,C2,3-5,,string
/home/htaf/lyis/tcas/WiartonWomensInstitute/Food_forest_plan.ods,Plant Colors,2,D2,3-4,,string
/home/htaf/lyis/tcas/WiartonWomensInstitute/Food_forest_plan.ods,Plant Colors,2,E2,#8B4513,,string
/home/htaf/lyis/tcas/WiartonWomensInstitute/Food_forest_plan.ods,Plant Colors,2,F2,SaddleBrown,,string
/home/htaf/lyis/tcas/WiartonWomensInstitute/Food_forest_plan.ods,Plant Colors,2,G2,10.5,of:=3.5*3,float
/home/htaf/lyis/tcas/WiartonWomensInstitute/Food_forest_plan.ods,Plant Colors,3,A3,Lycium chinense,,string
/home/htaf/lyis/tcas/WiartonWomensInstitute/Food_forest_plan.ods,Plant Colors,3,B3,Chinese Goji,,string
/home/htaf/lyis/tcas/WiartonWomensInstitute/Food_forest_plan.ods,Plant Colors,3,C3,1-3,,string
/home/htaf/lyis/tcas/WiartonWomensInstitute/Food_forest_plan.ods,Plant Colors,3,D3,1-2,,string
/home/htaf/lyis/tcas/WiartonWomensInstitute/Food_forest_plan.ods,Plant Colors,3,E3,#FF4500,,string
/home/htaf/lyis/tcas/WiartonWomensInstitute/Food_forest_plan.ods,Plant Colors,3,F3,OrangeRed,,string
/home/htaf/lyis/tcas/WiartonWomensInstitute/Food_forest_plan.ods,Plant Colors,3,G3,6,of:=2*3,float
/home/htaf/lyis/tcas/WiartonWomensInstitute/Food_forest_plan.ods,Plant Colors,4,A4,Juglans ailantifolia,,string
/home/htaf/lyis/tcas/WiartonWomensInstitute/Food_forest_plan.ods,Plant Colors,4,B4,Japanese Walnut,,string
/home/htaf/lyis/tcas/WiartonWomensInstitute/Food_forest_plan.ods,Plant Colors,4,C4,15-20,,string
/home/htaf/lyis/tcas/WiartonWomensInstitute/Food_forest_plan.ods,Plant Colors,4,D4,15-20,,string
/home/htaf/lyis/tcas/WiartonWomensInstitute/Food_forest_plan.ods,Plant Colors,4,E4,#8B0000,,string
/home/htaf/lyis/tcas/WiartonWomensInstitute/Food_forest_plan.ods,Plant Colors,4,F4,DarkRed,,string
/home/htaf/lyis/tcas/WiartonWomensInstitute/Food_forest_plan.ods,Plant Colors,4,G4,45,of:=15*3,float
/home/htaf/lyis/tcas/WiartonWomensInstitute/Food_forest_plan.ods,Plant Colors,5,A5,Gleditsia triacanthos,,string
/home/htaf/lyis/tcas/WiartonWomensInstitute/Food_forest_plan.ods,Plant Colors,5,B5,Honey Locust,,string
/home/htaf/lyis/tcas/WiartonWomensInstitute/Food_forest_plan.ods,Plant Colors,5,C5,20-30,,string
/home/htaf/lyis/tcas/WiartonWomensInstitute/Food_forest_plan.ods,Plant Colors,5,D5,10-15,,string
/home/htaf/lyis/tcas/WiartonWomensInstitute/Food_forest_plan.ods,Plant Colors,5,E5,#228B22,,string
/home/htaf/lyis/tcas/WiartonWomensInstitute/Food_forest_plan.ods,Plant Colors,5,F5,ForestGreen,,string
/home/htaf/lyis/tcas/WiartonWomensInstitute/Food_forest_plan.ods,Plant Colors,5,G5,30,of:=10*3,float
/home/htaf/lyis/tcas/WiartonWomensInstitute/Food_forest_plan.ods,Plant Colors,6,A6,Carya illinoinensis,,string
/home/htaf/lyis/tcas/WiartonWomensInstitute/Food_forest_plan.ods,Plant Colors,6,B6,Pecan,,string
/home/htaf/lyis/tcas/WiartonWomensInstitute/Food_forest_plan.ods,Plant Colors,6,C6,18-30,,string
/home/htaf/lyis/tcas/WiartonWomensInstitute/Food_forest_plan.ods,Plant Colors,6,D6,12-20,,string
/home/htaf/lyis/tcas/WiartonWomensInstitute/Food_forest_plan.ods,Plant Colors,6,E6,#D2691E,,string
/home/htaf/lyis/tcas/WiartonWomensInstitute/Food_forest_plan.ods,Plant Colors,6,F6,Chocolate,,string
/home/htaf/lyis/tcas/WiartonWomensInstitute/Food_forest_plan.ods,Plant Colors,6,G6,36,of:=12*3,float
/home/htaf/lyis/tcas/WiartonWomensInstitute/Food_forest_plan.ods,Plant Colors,7,A7,Salix viminalis,,string
/home/htaf/lyis/tcas/WiartonWomensInstitute/Food_forest_plan.ods,Plant Colors,7,B7,Osier Willow,,string
/home/htaf/lyis/tcas/WiartonWomensInstitute/Food_forest_plan.ods,Plant Colors,7,C7,3-6,,string
/home/htaf/lyis/tcas/WiartonWomensInstitute/Food_forest_plan.ods,Plant Colors,7,D7,3-5,,string
/home/htaf/lyis/tcas/WiartonWomensInstitute/Food_forest_plan.ods,Plant Colors,7,E7,#32CD32,,string
/home/htaf/lyis/tcas/WiartonWomensInstitute/Food_forest_plan.ods,Plant Colors,7,F7,LimeGreen,,string
/home/htaf/lyis/tcas/WiartonWomensInstitute/Food_forest_plan.ods,Plant Colors,7,G7,12,of:=4*3,float
/home/htaf/lyis/tcas/WiartonWomensInstitute/Food_forest_plan.ods,Plant Colors,8,A8,Amelanchier spp.,,string
/home/htaf/lyis/tcas/WiartonWomensInstitute/Food_forest_plan.ods,Plant Colors,8,B8,Serviceberry,,string
/home/htaf/lyis/tcas/WiartonWomensInstitute/Food_forest_plan.ods,Plant Colors,8,C8,4-8,,string
/home/htaf/lyis/tcas/WiartonWomensInstitute/Food_forest_plan.ods,Plant Colors,8,D8,4-6,,string
/home/htaf/lyis/tcas/WiartonWomensInstitute/Food_forest_plan.ods,Plant Colors,8,E8,#4682B4,,string
/home/htaf/lyis/tcas/WiartonWomensInstitute/Food_forest_plan.ods,Plant Colors,8,F8,SteelBlue,,string
/home/htaf/lyis/tcas/WiartonWomensInstitute/Food_forest_plan.ods,Plant Colors,8,G8,12,of:=4*3,float
/home/htaf/lyis/tcas/WiartonWomensInstitute/Food_forest_plan.ods,Plant Colors,9,A9,Vitis vinifera,,string
/home/htaf/lyis/tcas/WiartonWomensInstitute/Food_forest_plan.ods,Plant Colors,9,B9,Grape Vine,,string
/home/htaf/lyis/tcas/WiartonWomensInstitute/Food_forest_plan.ods,Plant Colors,9,C9,2-5,,string
/home/htaf/lyis/tcas/WiartonWomensInstitute/Food_forest_plan.ods,Plant Colors,9,D9,2-5,,string
/home/htaf/lyis/tcas/WiartonWomensInstitute/Food_forest_plan.ods,Plant Colors,9,E9,#8A2BE2,,string
/home/htaf/lyis/tcas/WiartonWomensInstitute/Food_forest_plan.ods,Plant Colors,9,F9,BlueViolet,,string
/home/htaf/lyis/tcas/WiartonWomensInstitute/Food_forest_plan.ods,Plant Colors,9,G9,9,of:=3*3,float
/home/htaf/lyis/tcas/WiartonWomensInstitute/Food_forest_plan.ods,Plant Colors,10,A10,Ribes spp.,,string
/home/htaf/lyis/tcas/WiartonWomensInstitute/Food_forest_plan.ods,Plant Colors,10,B10,Currants,,string
/home/htaf/lyis/tcas/WiartonWomensInstitute/Food_forest_plan.ods,Plant Colors,10,C10,1-2,,string
/home/htaf/lyis/tcas/WiartonWomensInstitute/Food_forest_plan.ods,Plant Colors,10,D10,1-1.5,,string
/home/htaf/lyis/tcas/WiartonWomensInstitute/Food_forest_plan.ods,Plant Colors,10,E10,#FF6347,,string
/home/htaf/lyis/tcas/WiartonWomensInstitute/Food_forest_plan.ods,Plant Colors,10,F10,Tomato,,string
/home/htaf/lyis/tcas/WiartonWomensInstitute/Food_forest_plan.ods,Plant Colors,10,G10,3,of:=1*3,float
